first_name,last_name,email,phone_no
Aarav,Sharma,aaravsharma@rediffmail.com,7911087035
Vihaan,Gupta,vihaangupta@gmail.com,7370375915
Vivaan,Kumar,vivaankumar40@gmail.com,7645985538
Aditya,Mishra,adityamishra5@rediffmail.com,8380741409
Krishna,Yadav,krishnayadav182@rediffmail.com,7983232100
Sai,Patel,saipatel7@rediffmail.com,9608057555
Arjun,Mehta,arjunmehta4@gmail.com,8773077395
Aryan,Singh,aryansingh52068@yahoo.com,7686418579
Ishaan,Sinha,ishaansinha7861@gmail.com,8225099935
Shaurya,Verma,shauryaverma43@yahoo.com,9840728770
Ayaan,Reddy,ayaanreddy26157@gmail.com,8260601962
Kabir,Iyer,kabiriyer0@gmail.com,9988485707
Dhruv,Joshi,dhruvjoshi743@yahoo.com,8707048062
Ritvik,Deshmukh,ritvikdeshmukh8577@rediffmail.com,9627843367
Advait,Nair,advaitnair@rediffmail.com,9601800097
Nikhil,Chaudhary,nikhilchaudhary03@gmail.com,8888708982
Harsh,Saxena,harshsaxena871@rediffmail.com,6551846078
Aniket,Menon,aniketmenon36@rediffmail.com,9591963762
Omkar,Rao,omkarrao66265@gmail.com,9268300043
Rohan,Chatterjee,rohanchatterjee01@rediffmail.com,8139614109
Tanmay,Banerjee,tanmaybanerjee5247@rediffmail.com,7409041080
Pranav,Shukla,pranavshukla0@rediffmail.com,9837983337
Rishabh,Goyal,rishabhgoyal0@yahoo.com,8022279492
Siddharth,Bhatt,siddharthbhatt67@yahoo.com,9040930508
Anshuman,Shetty,anshumanshetty38242@rediffmail.com,9477172903
Anurag,Kapoor,anuragkapoor85@rediffmail.com,8444571435
Aryan,Tiwari,aryantiwari47@gmail.com,9145031110
Kunal,Bhatia,kunalbhatia08366@yahoo.com,8936403297
Madhav,Reddy,madhavreddy15565@rediffmail.com,7705315676
Rudra,Malhotra,rudramalhotra@yahoo.com,8648716253
Raghav,Nair,raghavnair@gmail.com,8878986506
Rahul,Das,rahuldas77132@gmail.com,6812040215
Akshay,Kulkarni,akshaykulkarni4015@gmail.com,8480094100
Manav,Chauhan,manavchauhan7@gmail.com,6919498831
Neeraj,Pandey,neerajpandey1@gmail.com,9027277908
Rajesh,Reddy,rajeshreddy2@yahoo.com,7842761992
Ravi,Shankar,ravishankar742@gmail.com,9812288794
Sarvesh,Kaur,sarveshkaur5755@gmail.com,7347793767
Saurabh,Bose,saurabhbose622@gmail.com,8351751758
Shivam,Sen,shivamsen@yahoo.com,9839375933
Tarun,Joshi,tarunjoshi@gmail.com,7398478757
Tushar,Pillai,tusharpillai3@rediffmail.com,8811802521
Uday,Gupta,udaygupta684@rediffmail.com,6934646189
Vaibhav,Saxena,vaibhavsaxena@rediffmail.com,7063248388
Yashwant,Iyer,yashwantiyer3565@gmail.com,8501435728
Amitabh,Patil,amitabhpatil134@gmail.com,7921267778
Ajay,Varma,ajayvarma86@rediffmail.com,9997629918
Abhay,Sinha,abhaysinha@gmail.com,8268444939
Anil,Nair,anilnair78018@yahoo.com,7895381532
Bhavesh,Rao,bhaveshrao3@rediffmail.com,8822549307
Chetan,Mehta,chetanmehta6882@rediffmail.com,8938496626
Devendra,Chauhan,devendrachauhan32@gmail.com,7833822158
Dilip,Yadav,dilipyadav74811@rediffmail.com,8162964368
Ganesh,Gupta,ganeshgupta680@rediffmail.com,7276515628
Gaurav,Bhatt,gauravbhatt761@yahoo.com,8720093449
Hemant,Shetty,hemantshetty@gmail.com,9134413949
Jatin,Kapoor,jatinkapoor83@rediffmail.com,7289384114
Kartik,Shukla,kartikshukla8513@rediffmail.com,7402151687
Lakshman,Patel,lakshmanpatel78@rediffmail.com,8693120642
Mohan,Reddy,mohanreddy1736@rediffmail.com,9615108816
Narendra,Sharma,narendrasharma1@yahoo.com,7034629190
Naveen,Kumar,naveenkumar@yahoo.com,9253040307
Nilesh,Verma,nileshverma68015@yahoo.com,8331505286
Pankaj,Yadav,pankajyadav77@gmail.com,9626804791
Prakash,Rao,prakashrao6640@gmail.com,6605633804
Rajiv,Bhatia,rajivbhatia43@rediffmail.com,8618175393
Rakesh,Menon,rakeshmenon0637@gmail.com,7151778677
Sandeep,Joshi,sandeepjoshi48@gmail.com,7682154248
Sanjay,Varma,sanjayvarma512@rediffmail.com,9318836434
Shankar,Kapoor,shankarkapoor003@rediffmail.com,8196310400
Shyam,Das,shyamdas31@rediffmail.com,9180245532
Sudhir,Iyer,sudhiriyer81@rediffmail.com,6595194387
Sunil,Gupta,sunilgupta3@rediffmail.com,9784509127
Tejas,Patil,tejaspatil20@yahoo.com,8945161720
Vikas,Pandey,vikaspandey5557@yahoo.com,8850136210
Vijay,Malhotra,vijaymalhotra412@rediffmail.com,8797723183
Vivek,Mishra,vivekmishra71747@gmail.com,9301629041
Ankita,Singh,ankitasingh847@gmail.com,8961351069
Deepika,Rao,deepikarao4548@gmail.com,7603909780
Isha,Patel,ishapatel11454@gmail.com,8699113115
Kajal,Yadav,kajalyadav3701@yahoo.com,6598668392
Laxmi,Verma,laxmiverma4@yahoo.com,7674701485
Meera,Sinha,meerasinha60380@gmail.com,8639737266
Neha,Joshi,nehajoshi4443@yahoo.com,7543084509
Pooja,Nair,poojanair6@rediffmail.com,8179732153
Priya,Deshmukh,priyadeshmukh@yahoo.com,7392445544
Radhika,Gupta,radhikagupta7@gmail.com,7665813031
Rekha,Sharma,rekhasharma80@rediffmail.com,8964569207
Ritu,Kapoor,ritukapoor@gmail.com,8842480449
Sakshi,Bhatia,sakshibhatia23802@gmail.com,8557452262
Seema,Reddy,seemareddy5326@yahoo.com,7657736603
Shreya,Tiwari,shreyatiwari331@gmail.com,6586083170
Sneha,Menon,snehamenon28@gmail.com,6938132218
Swati,Shukla,swatishukla65613@rediffmail.com,7282727522
Tanvi,Mehta,tanvimehta773@yahoo.com,7272677851
Trisha,Bhatt,trishabhatt18666@gmail.com,6523741200
Uma,Rao,umarao36@yahoo.com,6753477772
Vandana,Patel,vandanapatel7@gmail.com,6633727569
Vaishali,Sinha,vaishalisinha4@yahoo.com,6553107616
Yamini,Deshmukh,yaminideshmukh317@rediffmail.com,6524998301
test,test,test@gmail.com,9999999999